{
  "accuracy": 0.7236842105263158,
  "roc_auc": 0.7011784511784511,
  "cv_mean": 0.7143169398907103,
  "cv_std": 0.03829529093937045,
  "n_landslide": 109,
  "n_non_landslide": 268,
  "feature_importance": {
    "mean": 0.06655557522330637,
    "median": 0.07637423277146091,
    "std": 0.12666683891334304,
    "min": 0.11386868830626595,
    "max": 0.0839178163251079,
    "p25": 0.06331043973530308,
    "p75": 0.08619198012800859,
    "p90": 0.0876805289984196,
    "p10": 0.09800159358728305,
    "range": 0.10695770910753137,
    "cv": 0.09047459690397006
  }
}