Accuracy,Precision,Recall,F1-Score
0.7985074626865671,0.6037735849056604,0.8421052631578947,0.7032967032967034
